Observation ID,Photo ID,Photo URL
205554409,363471166,https://inaturalist-open-data.s3.amazonaws.com/photos/363471166/square.jpg
205456376,363288299,https://inaturalist-open-data.s3.amazonaws.com/photos/363288299/square.jpg
205451198,363273425,https://inaturalist-open-data.s3.amazonaws.com/photos/363273425/square.jpg
205450556,363275517,https://inaturalist-open-data.s3.amazonaws.com/photos/363275517/square.jpg
205450556,363275537,https://inaturalist-open-data.s3.amazonaws.com/photos/363275537/square.jpg
205448869,363272494,https://inaturalist-open-data.s3.amazonaws.com/photos/363272494/square.jpg
205448869,363272491,https://inaturalist-open-data.s3.amazonaws.com/photos/363272491/square.jpg
205424582,363225858,https://inaturalist-open-data.s3.amazonaws.com/photos/363225858/square.jpg
205401514,363179930,https://inaturalist-open-data.s3.amazonaws.com/photos/363179930/square.jpeg
205401514,363183735,https://inaturalist-open-data.s3.amazonaws.com/photos/363183735/square.jpeg
205401514,363183832,https://inaturalist-open-data.s3.amazonaws.com/photos/363183832/square.jpeg
205401514,363184046,https://inaturalist-open-data.s3.amazonaws.com/photos/363184046/square.jpeg
205401514,363184427,https://inaturalist-open-data.s3.amazonaws.com/photos/363184427/square.jpeg
205333055,363054039,https://inaturalist-open-data.s3.amazonaws.com/photos/363054039/square.jpeg
205333055,363054662,https://inaturalist-open-data.s3.amazonaws.com/photos/363054662/square.jpeg
205333055,363055372,https://inaturalist-open-data.s3.amazonaws.com/photos/363055372/square.jpeg
205323551,363037800,https://inaturalist-open-data.s3.amazonaws.com/photos/363037800/square.jpeg
205323551,363037817,https://inaturalist-open-data.s3.amazonaws.com/photos/363037817/square.jpeg
